date,Close,Volume,avwap_month,avwap_week,rsi14,vol_z20,corr20_bn,fii_cash_net_cr,dii_cash_net_cr,raw_score,mood_score,rule__price_above_month_avwap,rule__price_above_week_avwap,rule__rsi_bullish,rule__rsi_bearish,rule__vol_surge,rule__fii_dii_divergence_pos,rule__fii_dii_divergence_neg,rule__corr_flip,rule__higher_high,rule__lower_low
2026-06-01,23382.599609375,421700.0,23382.599609375,23382.599609375,40.25984514752783,-0.10778008239580676,0.9157383321135635,,,-10.0,38.0,,,,,,,,,,
2026-06-02,23483.55078125,511900.0,23437.951906807317,23437.951906807317,42.944534141581535,0.3551027499240559,0.9195561251723654,,,10.0,62.0,,,,,,,,,,
2026-06-03,23405.599609375,450100.0,23427.428116192095,23427.428116192095,41.397507478614784,-0.0024736026907490514,0.9022873996658589,,,-10.0,38.0,,,,,,,,,,
2026-06-04,23416.55078125,412500.0,23424.930120053796,23424.930120053796,41.71517151917869,-0.20219236295096876,0.8403176679042359,,,-10.0,38.0,,,,,,,,,,
2026-06-05,23366.69921875,366200.0,23415.06878262434,23415.06878262434,40.635333390918326,-0.4312919949597737,0.6884938259738974,,,-10.0,38.0,,,,,,,,,,
2026-06-08,23123.0,375700.0,23371.83556028008,23123.0,35.76179907364862,-0.392901544987907,0.5173909266302948,,,-16.0,30.0,,,,,,,,,,
2026-06-09,23242.099609375,402600.0,23354.073906988557,23184.607995290215,39.575892518414186,-0.2503478522989692,0.2913223169548882,,,-8.0,40.0,,,,,,,,,,
2026-06-10,23214.94921875,380000.0,23338.15335363214,23194.56194928721,39.00730885518236,-0.35371092016026234,0.11967455808743876,,,-8.0,40.0,,,,,,,,,,
2026-06-11,23161.599609375,363000.0,23320.755354564535,23186.696748874318,37.85639515335314,-0.4297721805940381,-0.039472286212618946,,,-16.0,30.0,,,,,,,,,,
2026-06-12,23622.900390625,351900.0,23347.102078270967,23268.64211591044,51.25027917417648,-0.46620109305424406,0.026885942766574137,,,14.0,68.0,,,,,,,,,,
2026-06-15,23853.900390625,398900.0,23392.69049788942,23853.900390625,56.326500586614,-0.21120363206190668,0.1974535906301889,,,16.0,70.0,,,,,,,,,,
2026-06-16,23989.150390625,327300.0,23433.687877639168,23914.85787478914,59.01728629988277,-0.5735499350768688,0.3620873562029257,,,24.0,80.0,,,,,,,,,,
2026-06-17,24085.69921875,352700.0,23478.651099852443,23970.707111989064,60.87063988949897,-0.41262783229234756,0.49895503379797973,,,24.0,80.0,,,,,,,,,,
2026-06-18,24168.0,340000.0,23521.620872709747,24017.98287625978,62.43032402666686,-0.47857320557469046,0.6155487256714909,,,30.0,88.0,,,,,,,,,,
2026-06-19,24013.099609375,447900.0,23558.916434879775,24016.811237499496,57.76350772758948,0.06674735341556402,0.681988915308884,,,22.0,78.0,,,,,,,,,,
2026-06-22,24102.900390625,252800.0,23581.25838055374,24102.900390625,59.64679029626112,-0.9335905158153266,0.7425612478704394,,,22.0,78.0,,,,,,,,,,
2026-06-23,23824.099609375,340100.0,23593.97377505778,23942.97435638124,51.90819514140943,-0.4731758327983022,0.7819461882215618,,,12.0,65.0,,,,,,,,,,
2026-06-24,24021.650390625,395600.0,23618.52628185927,23974.46068834566,56.24048037997413,-0.18521658811369265,0.8280698581446545,,,30.0,88.0,,,,,,,,,,
2026-06-25,24056.0,448800.0,23645.276449400393,23999.921512857225,56.966388239535185,0.11542595412013137,0.8836367915728209,,,30.0,88.0,,,,,,,,,,
2026-06-29,23946.25,588500.0,23667.61732558009,23946.25,53.89037923592796,2.6769770431673674,0.8989052424028454,,,18.0,72.0,,,,,,,,,,
2026-06-30,23865.75,449000.0,23678.23681309555,23911.411927710844,51.685846339176564,0.7063731265736184,0.9057401716558078,,,12.0,65.0,,,,,,,,,,
2026-07-01,24005.849609375,352100.0,24005.849609375,23935.340761701882,55.1263532628654,-0.5546707434686619,0.9347967855624679,,,18.0,72.0,,,,,,,,,,
2026-07-02,24175.69921875,372900.0,24093.210877424568,23986.194474401596,58.94352766174718,-0.19582899696647182,0.9455088088113504,,,30.0,88.0,,,,,,,,,,
2026-07-03,24270.849609375,326600.0,24148.38091342211,24030.696110073568,60.94766882375716,-0.8155942946698551,0.9538201268484978,,,30.0,88.0,,,,,,,,,,
2026-07-06,24430.349609375,329400.0,24215.63687898828,24430.349609375,64.11031841991078,-0.7365833136950747,0.9562909457260051,,,22.0,78.0,,,,,,,,,,
2026-07-07,24398.69921875,412600.0,24257.748565755497,24412.749944722877,63.01967361866238,0.4501323750461018,0.95253920809909,,,22.0,78.0,,,,,,,,,,
2026-07-08,23882.05078125,420500.0,24186.396360171035,24220.785215053762,48.511806316358786,0.5487528558624626,0.9341210348596827,,,0.0,50.0,,,,,,,,,,
2026-07-09,23962.80078125,384800.0,24153.290208041744,24156.626738916177,50.43249329930642,0.02933850389261322,0.9054001285102926,,,0.0,50.0,,,,,,,,,,
2026-07-10,24206.900390625,313100.0,24159.054407274853,24165.087650736234,55.80008648981843,-0.9484885811148254,0.8040143738328718,,,30.0,88.0,,,,,,,,,,
2026-07-13,24211.0,322700.0,24164.236601225577,24211.0,55.88648658964765,-0.7822644860920682,0.7602287629199511,,,22.0,78.0,,,,,,,,,,
2026-07-14,24052.05078125,355800.0,24153.11956606409,24127.648294721814,51.669271367886296,-0.29074668820472616,0.732027636801969,,,0.0,50.0,,,,,,,,,,
2026-07-15,24078.5,306900.0,24147.243662942765,24112.341199481176,52.31410551198372,-0.9465110954596186,0.7290025158685253,,,0.0,50.0,,,,,,,,,,
2026-07-16,24072.75,264300.0,24142.512741656807,24103.96802670141,52.151202658939944,-1.3945200768627433,0.7308930597802775,,,0.0,50.0,,,,,,,,,,
2026-07-17,24334.30078125,387800.0,24158.860780288356,24158.51644942748,58.484033653085575,0.18575333746609712,0.7605753839445383,,,30.0,88.0,,,,,,,,,,
2026-07-20,24238.5,353100.0,24164.59663646267,24238.5,55.582277447615006,-0.21180292470041676,0.7565301859799908,,,22.0,78.0,,,,,,,,,,
2026-07-21,24187.69921875,315600.0,24165.99389509014,24214.524036843875,54.05079606382354,-0.799871913504143,0.7544017675189797,,,12.0,65.0,,,,,,,,,,
2026-07-22,23996.25,304700.0,24156.629075007582,24146.198477950995,48.61443247473319,-0.912819577136493,0.7198211598723965,,,0.0,50.0,,,,,,,,,,
2026-07-23,23869.599609375,344000.0,24139.79938024926,24073.97287388986,45.36390073971072,-0.32967636105363907,0.7867661859934604,,,0.0,50.0,,,,,,,,,,
2026-07-24,23767.44921875,333900.0,24119.749109489905,24011.992465453353,42.87389519742872,-0.4031337297532124,0.8521414045026113,,,-10.0,38.0,,,,,,,,,,
2026-07-27,23995.94921875,319400.0,24113.684619888,23995.94921875,49.54536937498778,-0.6447106948716407,0.8720974836752494,,,0.0,50.0,,,,,,,,,,
2026-07-28,23985.349609375,437800.0,24105.609732333734,23989.820707148872,49.257992219014874,2.0519716178434257,0.8916605533382805,,,6.0,57.0,,,,,,,,,,
2026-07-29,24250.19921875,424200.0,24113.91821220935,24083.313651639473,56.1085135170026,1.5459165051164971,0.8886025201186606,,,36.0,95.0,,,,,,,,,,
2026-07-30,24317.150390625,400600.0,24124.379075995304,24142.52667163796,57.664494389264135,0.9922385699300031,0.8211661144848794,,,30.0,88.0,,,,,,,,,,
2026-07-31,24383.599609375,411700.0,24137.402578782836,24192.308348152146,59.21008045167255,1.1047527071314054,0.7455740059456615,,,30.0,88.0,,,,,,,,,,
2026-08-03,24774.30078125,342300.0,24162.940280814568,24774.30078125,66.86892833329878,-0.3155816040954465,0.7200593303297832,,,22.0,78.0,,,,,,,,,,
2026-08-04,24614.900390625,296500.0,24178.11084816299,24700.314845401044,61.77283385328614,-1.1294432505815613,0.6984915755803176,,,22.0,78.0,,,,,,,,,,
2026-08-05,24624.650390625,355500.0,24195.386750059344,24673.261930111006,61.96377977148757,0.14570051919077667,0.6555262326199013,,,22.0,78.0,,,,,,,,,,
2026-08-06,24636.0,344000.0,24211.286691102858,24663.68402982095,62.20047288566377,-0.0590326842303029,0.6705004419253959,,,22.0,78.0,,,,,,,,,,
2026-08-07,24570.650390625,254800.0,24220.641984600574,24648.804253744664,59.88954676390149,-1.7939083996991105,0.6860535846161481,,,22.0,78.0,,,,,,,,,,
2026-08-10,24583.80078125,269500.0,24230.373546949264,24583.80078125,60.20991363373369,-1.373291576086644,0.7119089822499659,,,22.0,78.0,,,,,,,,,,
2026-08-11,24471.69921875,271800.0,24236.72391510032,24527.51183854263,56.09666672030112,-1.200414770960511,0.7054471779377184,,,22.0,78.0,,,,,,,,,,
2026-08-12,24435.94921875,317600.0,24242.667084821744,24493.654243891167,54.810695779399836,-0.3677640862940728,0.7420171320605198,,,12.0,65.0,,,,,,,,,,
2026-08-13,24395.849609375,295800.0,24246.80802326822,24468.59958823179,53.33381470307616,-0.8286240653556951,0.7617531982377795,,,12.0,65.0,,,,,,,,,,
2026-08-14,24366.0,267700.0,24249.654382962337,24449.29003411927,52.206137077767636,-1.2287387177826317,0.8441951307246193,,,12.0,65.0,,,,,,,,,,
2026-08-17,24287.650390625,225400.0,24250.403311738522,24287.650390625,49.26187720565455,-1.743457274832424,0.8858344613092406,,,12.0,65.0,,,,,,,,,,
2026-08-18,24154.900390625,227000.0,24248.54441793512,24221.04064261439,44.665562413612896,-1.5309894471008352,0.9315619447305098,,,-10.0,38.0,,,,,,,,,,
2026-08-19,24078.30078125,238700.0,24245.129846502503,24171.73952134731,42.21779013059973,-1.2366571963448691,0.9310622759217955,,,-10.0,38.0,,,,,,,,,,
2026-08-20,24231.849609375,253900.0,24244.852441960615,24187.889734416334,48.330541741699356,-0.9147700343714715,0.9124640074438667,,,8.0,60.0,,,,,,,,,,
2026-08-21,24252.0,259300.0,24245.001734453916,24201.69343105824,49.09166180236098,-0.7658553536888885,0.8529837068019881,,,20.0,75.0,,,,,,,,,,
2026-08-24,24219.05078125,236300.0,24244.51699774245,24219.05078125,47.85043404918801,-1.0168341111243546,0.8295397997512729,,,0.0,50.0,,,,,,,,,,
2026-08-25,24334.55078125,239500.0,24246.189839004353,24277.18917973676,52.394287914960174,-0.9034987598975098,0.7812756531732148,,,20.0,75.0,,,,,,,,,,
2026-08-26,24207.75,244800.0,24245.473421476374,24253.59951667881,47.50099725450562,-0.7578781396160568,0.7119383436179071,,,0.0,50.0,,,,,,,,,,
2026-08-27,24090.849609375,323400.0,24241.757845152944,24203.18445918642,43.47022996660663,0.78095344790512,0.7225649289815995,,,-10.0,38.0,,,,,,,,,,
2026-08-28,24175.650390625,296100.0,24240.334706572874,24197.100705958277,46.98466168141339,0.440930719948164,0.7689484364548977,,,0.0,50.0,,,,,,,,,,
2026-08-31,24080.400390625,710900.0,24232.474703309384,24080.400390625,43.698462648904176,3.956483757921766,0.4756365036295679,,,-10.0,38.0,,,,,,,,,,
2026-09-01,24055.80078125,334200.0,24055.80078125,24072.533976451115,42.86461897747969,0.34148925689159343,0.4581709934983071,,,-16.0,30.0,,,,,,,,,,
2026-09-02,23914.44921875,318900.0,23986.780702730248,24035.574130973928,38.33771027661498,0.21482019476120642,0.5404714557033294,,,-16.0,30.0,,,,,,,,,,
2026-09-03,23873.44921875,239100.0,23956.409084461164,24011.393439493208,37.11337286727054,-0.498955152601822,0.4548256583877514,,,-16.0,30.0,,,,,,,,,,
2026-09-04,23897.69921875,231400.0,23944.318070821468,23997.05228785517,38.367091784356035,-0.5584626369897033,0.44180945633962887,,,-16.0,30.0,,,,,,,,,,
2026-09-07,23779.150390625,205900.0,23918.73851057141,23779.150390625,34.72269611632704,-0.7593316297112358,0.527073087241523,,,-16.0,30.0,,,,,,,,,,
2026-09-08,23635.099609375,230100.0,23876.891042524927,23703.127260428613,30.88384679319664,-0.5094597829255761,0.7145678367594229,,,-10.0,38.0,,,,,,,,,,
2026-09-09,23431.5,352900.0,23794.7062064951,23581.61976872465,26.435302519543228,0.6129476588335416,0.8056445913837276,,,-10.0,38.0,,,,,,,,,,
2026-09-10,23477.80078125,253200.0,23757.65562069279,23556.394773399265,28.941964569882856,-0.2880113252025892,0.849720573533288,,,-10.0,38.0,,,,,,,,,,
2026-09-11,23398.099609375,293000.0,23714.807810339305,23521.655440720733,27.222417403617015,0.06734773461292187,0.8809295176407973,,,-10.0,38.0,,,,,,,,,,
2026-09-15,23118.599609375,338800.0,23642.602148681857,23440.07630477478,22.233599499426404,0.43901322625127287,0.922169957772357,,,-10.0,38.0,,,,,,,,,,
2026-09-16,23217.599609375,261600.0,23606.25790878036,23410.006605205373,27.31467628537534,-0.2937700469564142,0.937467812048143,,,-10.0,38.0,,,,,,,,,,
2026-09-17,23270.599609375,259700.0,23579.99225241192,23393.51425971651,29.95329612006431,-0.322662757688784,0.9479136503845074,,,-10.0,38.0,,,,,,,,,,
2026-09-18,23346.400390625,375300.0,23556.26061934064,23386.6355065284,33.66242707916683,0.6964427937595528,0.953189447810437,,,-10.0,38.0,,,,,,,,,,
2026-09-21,23414.30078125,213600.0,23548.500908662703,23414.30078125,36.88639509443076,-0.7723456717951379,0.9513158791317178,,,-10.0,38.0,,,,,,,,,,
2026-09-22,23329.0,244100.0,23535.59562136453,23368.808273705483,34.61073502842437,-0.4975897179276601,0.9544607892704513,,,-10.0,38.0,,,,,,,,,,
2026-09-23,23446.80078125,237600.0,23530.78912070129,23395.460107147992,40.10618196595653,-0.5560848841384873,0.9668657311287764,,,-2.0,48.0,,,,,,,,,,
2026-09-24,23063.099609375,271700.0,23503.5270494676,23302.076087246314,30.974829185972126,-0.2569101983316803,0.962769044229049,,,-10.0,38.0,,,,,,,,,,
2026-09-25,23140.5,242700.0,23485.56003105213,23269.659358822177,34.227947843469266,-0.4844711656887627,0.9611824858394088,,,-10.0,38.0,,,,,,,,,,
2026-09-28,22780.25,261500.0,23449.852797567117,22780.25,27.68732711317233,-0.2955215844893952,0.9660753228663593,,,-10.0,38.0,,,,,,,,,,
2026-09-29,22716.19921875,603200.0,23373.136174746196,22735.569265352144,26.710049559195227,3.562984947250316,0.9637693317734845,,,-4.0,45.0,,,,,,,,,,
2026-09-30,22620.44921875,379000.0,23326.73221275798,22700.488057937004,25.273873338600552,0.9802174945077433,0.9708679901917368,,,-10.0,38.0,,,,,,,,,,
2026-10-01,22421.94921875,463600.0,22421.94921875,22624.85366102545,22.56507746931942,1.6913290602168032,0.9718992861251148,,,-4.0,45.0,,,,,,,,,,
2026-10-05,22555.75,436700.0,22486.850697337,22555.75,28.154737939700055,1.2685986741498954,0.9684323574845808,,,2.0,52.0,,,,,,,,,,
2026-10-06,22776.099609375,328800.0,22564.22848781629,22650.395266574134,36.30867181143277,0.16134946747664167,0.963561495568491,,,10.0,62.0,,,,,,,,,,
2026-10-07,22602.650390625,0.0,22564.22848781629,22650.395266574134,33.12204677216569,-2.5150815060750236,0.9554516032111112,,,2.0,52.0,,,,,,,,,,
,,,,,,,,,,,,False,False,False,True,False,False,False,False,False,False
,,,,,,,,,,,,True,True,False,True,False,False,False,False,False,False
,,,,,,,,,,,,False,False,False,True,False,False,False,False,False,False
,,,,,,,,,,,,False,False,False,True,False,False,False,False,False,False
,,,,,,,,,,,,False,False,False,True,False,False,False,False,False,False
,,,,,,,,,,,,False,False,False,True,False,False,False,True,False,False
,,,,,,,,,,,,False,True,False,True,False,False,False,True,False,False
,,,,,,,,,,,,False,True,False,True,False,False,False,True,False,False
,,,,,,,,,,,,False,False,False,True,False,False,False,True,False,False
,,,,,,,,,,,,True,True,False,False,False,False,False,True,False,False
,,,,,,,,,,,,True,False,True,False,False,False,False,True,False,False
,,,,,,,,,,,,True,True,True,False,False,False,False,True,False,False
,,,,,,,,,,,,True,True,True,False,False,False,False,True,False,False
,,,,,,,,,,,,True,True,True,False,False,False,False,False,False,False
,,,,,,,,,,,,True,False,True,False,False,False,False,False,False,False
,,,,,,,,,,,,True,False,True,False,False,False,False,False,False,False
,,,,,,,,,,,,True,False,False,False,False,False,False,False,False,False
,,,,,,,,,,,,True,True,True,False,False,False,False,False,False,False
,,,,,,,,,,,,True,True,True,False,False,False,False,False,False,False
,,,,,,,,,,,,True,False,False,False,True,False,False,False,False,False
,,,,,,,,,,,,True,False,False,False,False,False,False,False,False,False
,,,,,,,,,,,,False,True,True,False,False,False,False,False,False,False
,,,,,,,,,,,,True,True,True,False,False,False,False,False,False,False
,,,,,,,,,,,,True,True,True,False,False,False,False,False,False,False
,,,,,,,,,,,,True,False,True,False,False,False,False,False,False,False
,,,,,,,,,,,,True,False,True,False,False,False,False,False,False,False
,,,,,,,,,,,,False,False,False,False,False,False,False,False,False,False
,,,,,,,,,,,,False,False,False,False,False,False,False,False,False,False
,,,,,,,,,,,,True,True,True,False,False,False,False,False,False,False
,,,,,,,,,,,,True,False,True,False,False,False,False,False,False,False
,,,,,,,,,,,,False,False,False,False,False,False,False,False,False,False
,,,,,,,,,,,,False,False,False,False,False,False,False,False,False,False
,,,,,,,,,,,,False,False,False,False,False,False,False,False,False,False
,,,,,,,,,,,,True,True,True,False,False,False,False,False,False,False
,,,,,,,,,,,,True,False,True,False,False,False,False,False,False,False
,,,,,,,,,,,,True,False,False,False,False,False,False,False,False,False
,,,,,,,,,,,,False,False,False,False,False,False,False,False,False,False
,,,,,,,,,,,,False,False,False,False,False,False,False,False,False,False
,,,,,,,,,,,,False,False,False,True,False,False,False,False,False,False
,,,,,,,,,,,,False,False,False,False,False,False,False,False,False,False
,,,,,,,,,,,,False,False,False,False,True,False,False,False,False,False
,,,,,,,,,,,,True,True,True,False,True,False,False,False,False,False
,,,,,,,,,,,,True,True,True,False,False,False,False,False,False,False
,,,,,,,,,,,,True,True,True,False,False,False,False,False,False,False
,,,,,,,,,,,,True,False,True,False,False,False,False,False,False,False
,,,,,,,,,,,,True,False,True,False,False,False,False,False,False,False
,,,,,,,,,,,,True,False,True,False,False,False,False,False,False,False
,,,,,,,,,,,,True,False,True,False,False,False,False,False,False,False
,,,,,,,,,,,,True,False,True,False,False,False,False,False,False,False
,,,,,,,,,,,,True,False,True,False,False,False,False,False,False,False
,,,,,,,,,,,,True,False,True,False,False,False,False,False,False,False
,,,,,,,,,,,,True,False,False,False,False,False,False,False,False,False
,,,,,,,,,,,,True,False,False,False,False,False,False,False,False,False
,,,,,,,,,,,,True,False,False,False,False,False,False,False,False,False
,,,,,,,,,,,,True,False,False,False,False,False,False,False,False,False
,,,,,,,,,,,,False,False,False,True,False,False,False,False,False,False
,,,,,,,,,,,,False,False,False,True,False,False,False,False,False,False
,,,,,,,,,,,,False,True,False,False,False,False,False,False,False,False
,,,,,,,,,,,,True,True,False,False,False,False,False,False,False,False
,,,,,,,,,,,,False,False,False,False,False,False,False,False,False,False
,,,,,,,,,,,,True,True,False,False,False,False,False,False,False,False
,,,,,,,,,,,,False,False,False,False,False,False,False,False,False,False
,,,,,,,,,,,,False,False,False,True,False,False,False,False,False,False
,,,,,,,,,,,,False,False,False,False,False,False,False,False,False,False
,,,,,,,,,,,,False,False,False,True,True,False,False,True,False,False
,,,,,,,,,,,,False,False,False,True,False,False,False,True,False,False
,,,,,,,,,,,,False,False,False,True,False,False,False,True,False,False
,,,,,,,,,,,,False,False,False,True,False,False,False,True,False,False
,,,,,,,,,,,,False,False,False,True,False,False,False,True,False,False
,,,,,,,,,,,,False,False,False,True,False,False,False,True,False,False
,,,,,,,,,,,,False,False,False,True,False,False,False,False,False,False
,,,,,,,,,,,,False,False,False,True,False,False,False,False,False,False
,,,,,,,,,,,,False,False,False,True,False,False,False,False,False,False
,,,,,,,,,,,,False,False,False,True,False,False,False,False,False,False
,,,,,,,,,,,,False,False,False,True,False,False,False,False,False,False
,,,,,,,,,,,,False,False,False,True,False,False,False,False,False,False
,,,,,,,,,,,,False,False,False,True,False,False,False,False,False,False
,,,,,,,,,,,,False,False,False,True,False,False,False,False,False,False
,,,,,,,,,,,,False,False,False,True,False,False,False,False,False,False
,,,,,,,,,,,,False,False,False,True,False,False,False,False,False,False
,,,,,,,,,,,,False,True,False,True,False,False,False,False,False,False
,,,,,,,,,,,,False,False,False,True,False,False,False,False,False,False
,,,,,,,,,,,,False,False,False,True,False,False,False,False,False,False
,,,,,,,,,,,,False,False,False,True,False,False,False,False,False,False
,,,,,,,,,,,,False,False,False,True,True,False,False,False,False,False
,,,,,,,,,,,,False,False,False,True,False,False,False,False,False,False
,,,,,,,,,,,,False,False,False,True,True,False,False,False,False,False
,,,,,,,,,,,,True,False,False,True,False,False,False,False,False,False
,,,,,,,,,,,,True,True,False,True,False,False,False,False,False,False
,,,,,,,,,,,,True,False,False,True,False,False,False,False,False,False
